environment,agent,family,config_id,hyperparams,status,selection_score,avg_reward,std_reward,min_reward,max_reward,median_reward,avg_length,avg_step_time_ms,win_rate,loss_rate,draw_rate,num_episodes,episodes_trained,training_time_seconds,seed,error
LineWorld,Random,baseline,1,{},OK,-6.524198508488049,-6.369999999999996,5.4184961013181505,,,,73.6,0.013639657721872594,0.0,1.0,0.0,20,100,0.1359090805053711,43,
LineWorld,TabularQL,tabular_value_based,1,"{""discount_factor"": 0.95, ""epsilon_decay"": 0.995, ""learning_rate"": 0.1}",OK,0.44998347449190795,0.2000000000000001,2.7755575615628914e-17,,,,9.0,0.01666280958387587,1.0,0.0,0.0,20,100,0.03745770454406738,43,
LineWorld,DQN,deep_value_based,1,"{""discount_factor"": 0.95, ""epsilon_decay"": 0.995, ""learning_rate"": 0.001}",OK,0.44996172728280814,0.2000000000000001,2.7755575615628914e-17,,,,9.0,0.039014551374647356,1.0,0.0,0.0,20,100,2.936422824859619,43,
LineWorld,DoubleDQN,deep_value_based,1,"{""discount_factor"": 0.95, ""epsilon_decay"": 0.995, ""learning_rate"": 0.001}",OK,0.44996174003100403,0.2000000000000001,2.7755575615628914e-17,,,,9.0,0.039001305898030594,1.0,0.0,0.0,20,100,1.015883207321167,43,
LineWorld,DDQN+ER,deep_value_based,1,"{""discount_factor"": 0.95, ""epsilon_decay"": 0.995, ""learning_rate"": 0.001}",OK,0.4499670010367363,0.2000000000000001,2.7755575615628914e-17,,,,9.0,0.033549467722574874,1.0,0.0,0.0,20,100,2.2935895919799805,43,
LineWorld,DDQN+PER,deep_value_based,1,"{""discount_factor"": 0.95, ""epsilon_decay"": 0.995, ""learning_rate"": 0.001}",OK,0.4499619669760876,0.2000000000000001,2.7755575615628914e-17,,,,9.0,0.038765536414252386,1.0,0.0,0.0,20,100,3.183849334716797,43,
LineWorld,REINFORCE,policy_gradient,1,"{""discount_factor"": 0.95, ""hidden_layers"": [64], ""learning_rate"": 0.005}",OK,-20.10004176084658,-20.00000000000001,3.552713678800501e-15,,,,200.0,0.04264509677886963,0.0,1.0,0.0,20,100,0.4747037887573242,43,
LineWorld,REINFORCE+Mean,policy_gradient,1,"{""discount_factor"": 0.95, ""hidden_layers"": [64], ""learning_rate"": 0.005}",OK,-20.10003925466202,-20.00000000000001,3.552713678800501e-15,,,,200.0,0.04003530740737915,0.0,1.0,0.0,20,100,0.4810044765472412,43,
LineWorld,REINFORCE+Critic,policy_gradient,1,"{""discount_factor"": 0.95, ""hidden_layers"": [64], ""learning_rate"": 0.005}",OK,0.4499565927981705,0.2000000000000001,2.7755575615628914e-17,,,,9.0,0.0443630748324924,1.0,0.0,0.0,20,100,0.17514991760253906,43,
LineWorld,PPO,actor_critic_policy_optimization,1,"{""clip_ratio"": 0.1, ""discount_factor"": 0.95, ""learning_rate"": 0.003}",OK,0.4499459416128046,0.2000000000000001,2.7755575615628914e-17,,,,9.0,0.05554623074001737,1.0,0.0,0.0,20,100,0.6746387481689453,43,
LineWorld,A2C,actor_critic,1,"{""discount_factor"": 0.95, ""entropy_coef"": 0.0, ""learning_rate"": 0.003}",OK,0.44996174130583255,0.2000000000000001,2.7755575615628914e-17,,,,9.0,0.03899998135036892,1.0,0.0,0.0,20,100,0.24869680404663086,43,
LineWorld,RandomRollout,planning,1,"{""max_rollout_depth"": 25, ""search_budget"": 10}",OK,-0.36685791148193214,-0.3650000000000001,0.5022698477910059,,,,14.65,5.266468786344032,0.3,0.7,0.0,20,100,8.740155696868896,43,
LineWorld,MCTS,planning,1,"{""exploration_constant"": 1.0, ""max_rollout_depth"": 25, ""search_budget"": 10}",OK,-1.5274494759102197,-1.4249999999999994,1.8280795934531926,,,,25.25,4.305160232637006,0.05,0.95,0.0,20,100,6.486316204071045,43,
GridWorld,Random,baseline,1,{},OK,9.065441302074088,8.886,3.552633389473223,,,,78.3,0.03289344229282377,0.9,0.1,0.0,20,100,0.4231119155883789,43,
GridWorld,TabularQL,tabular_value_based,1,"{""discount_factor"": 0.95, ""epsilon_decay"": 0.995, ""learning_rate"": 0.1}",OK,10.879969213198255,10.629999999999999,1.7763568394002505e-15,,,,8.0,0.03126561641693115,1.0,0.0,0.0,20,100,0.049645185470581055,43,
GridWorld,DQN,deep_value_based,1,"{""discount_factor"": 0.95, ""epsilon_decay"": 0.995, ""learning_rate"": 0.001}",OK,10.879945081472384,10.629999999999999,1.7763568394002505e-15,,,,8.0,0.05645453929901123,1.0,0.0,0.0,20,100,2.845128059387207,43,
GridWorld,DoubleDQN,deep_value_based,1,"{""discount_factor"": 0.95, ""epsilon_decay"": 0.995, ""learning_rate"": 0.001}",OK,10.8799452225311,10.629999999999999,1.7763568394002505e-15,,,,8.0,0.056305527687072754,1.0,0.0,0.0,20,100,0.6354587078094482,43,
GridWorld,DDQN+ER,deep_value_based,1,"{""discount_factor"": 0.95, ""epsilon_decay"": 0.995, ""learning_rate"": 0.001}",OK,10.879947933309648,10.629999999999999,1.7763568394002505e-15,,,,8.0,0.05344599485397339,1.0,0.0,0.0,20,100,2.244025707244873,43,
GridWorld,DDQN+PER,deep_value_based,1,"{""discount_factor"": 0.95, ""epsilon_decay"": 0.995, ""learning_rate"": 0.001}",OK,10.879945290246352,10.629999999999999,1.7763568394002505e-15,,,,8.0,0.056234002113342285,1.0,0.0,0.0,20,100,3.1148548126220703,43,
GridWorld,REINFORCE,policy_gradient,1,"{""discount_factor"": 0.95, ""hidden_layers"": [64], ""learning_rate"": 0.005}",OK,10.87993931513022,10.629999999999999,1.7763568394002505e-15,,,,8.0,0.06256401538848877,1.0,0.0,0.0,20,100,0.22904300689697266,43,
GridWorld,REINFORCE+Mean,policy_gradient,1,"{""discount_factor"": 0.95, ""hidden_layers"": [64], ""learning_rate"": 0.005}",OK,10.879939376836745,10.629999999999999,1.7763568394002505e-15,,,,8.0,0.06249845027923584,1.0,0.0,0.0,20,100,0.23057317733764648,43,
GridWorld,REINFORCE+Critic,policy_gradient,1,"{""discount_factor"": 0.95, ""hidden_layers"": [64], ""learning_rate"": 0.005}",OK,10.879945288835572,10.629999999999999,1.7763568394002505e-15,,,,8.0,0.05623549222946167,1.0,0.0,0.0,20,100,0.22706007957458496,43,
GridWorld,PPO,actor_critic_policy_optimization,1,"{""clip_ratio"": 0.1, ""discount_factor"": 0.95, ""learning_rate"": 0.003}",OK,10.879910460813681,10.629999999999999,1.7763568394002505e-15,,,,8.0,0.09367018938064575,1.0,0.0,0.0,20,100,1.864069938659668,43,
GridWorld,A2C,actor_critic,1,"{""discount_factor"": 0.95, ""entropy_coef"": 0.0, ""learning_rate"": 0.003}",OK,10.879939374031819,10.629999999999999,1.7763568394002505e-15,,,,8.0,0.06250143051147461,1.0,0.0,0.0,20,100,0.28228163719177246,43,
GridWorld,RandomRollout,planning,1,"{""max_rollout_depth"": 25, ""search_budget"": 10}",OK,10.831406244376966,10.5855,0.045659062627259626,,,,12.45,36.983999176996925,1.0,0.0,0.0,20,100,60.73230838775635,43,
GridWorld,MCTS,planning,1,"{""exploration_constant"": 1.0, ""max_rollout_depth"": 25, ""search_budget"": 10}",OK,10.742167770803016,10.4955,0.10433000527173378,,,,21.45,8.864368707467253,1.0,0.0,0.0,20,100,27.553214073181152,43,
TicTacToe,Random,baseline,1,{},OK,0.5843025460205061,0.45,0.8046738469715542,,,,4.35,0.16266584396362305,0.65,0.2,0.15,20,100,0.055727243423461914,43,
TicTacToe,DQN,deep_value_based,1,"{""discount_factor"": 0.95, ""epsilon_decay"": 0.995, ""learning_rate"": 0.001}",OK,0.34156004805607465,0.25,0.82915619758885,,,,4.4,0.1599651575088501,0.5,0.25,0.25,20,100,0.9498300552368164,43,
TicTacToe,DoubleDQN,deep_value_based,1,"{""discount_factor"": 0.95, ""epsilon_decay"": 0.995, ""learning_rate"": 0.001}",OK,0.23076099971504888,0.15,0.9096702699330126,,,,4.45,0.1529196898142497,0.5,0.35,0.15,20,100,0.40465688705444336,43,
TicTacToe,DDQN+ER,deep_value_based,1,"{""discount_factor"": 0.95, ""epsilon_decay"": 0.995, ""learning_rate"": 0.001}",OK,0.4039239553016184,0.3,0.8426149773176359,,,,4.45,0.1617121696472168,0.55,0.25,0.2,20,100,1.0169663429260254,43,
TicTacToe,DDQN+PER,deep_value_based,1,"{""discount_factor"": 0.95, ""epsilon_decay"": 0.995, ""learning_rate"": 0.001}",OK,0.39703478267918374,0.3,0.7810249675906655,,,,4.55,0.16762018203735352,0.5,0.2,0.3,20,100,0.9842112064361572,43,
TicTacToe,REINFORCE,policy_gradient,1,"{""discount_factor"": 0.95, ""hidden_layers"": [64], ""learning_rate"": 0.005}",OK,1.0088612711716036,0.8,0.6000000000000001,,,,4.05,0.14881253242492676,0.9,0.1,0.0,20,100,0.12987923622131348,43,
TicTacToe,REINFORCE+Mean,policy_gradient,1,"{""discount_factor"": 0.95, ""hidden_layers"": [64], ""learning_rate"": 0.005}",OK,0.1615518257068491,0.1,0.8306623862918076,,,,4.35,0.15205860137939453,0.4,0.3,0.3,20,100,0.1688833236694336,43,
TicTacToe,REINFORCE+Critic,policy_gradient,1,"{""discount_factor"": 0.95, ""hidden_layers"": [64], ""learning_rate"": 0.005}",OK,0.6398971760009131,0.5,0.7416198487095663,,,,4.15,0.20517587661743164,0.65,0.15,0.2,20,100,0.14758038520812988,43,
TicTacToe,PPO,actor_critic_policy_optimization,1,"{""clip_ratio"": 0.1, ""discount_factor"": 0.95, ""learning_rate"": 0.003}",OK,0.7582099705128393,0.6,0.66332495807108,,,,4.0,0.16973813374837238,0.7,0.1,0.2,20,100,1.3818683624267578,43,
TicTacToe,A2C,actor_critic,1,"{""discount_factor"": 0.95, ""entropy_coef"": 0.0, ""learning_rate"": 0.003}",OK,1.185133077678632,0.95,0.21794494717703372,,,,4.15,0.20619750022888184,0.95,0.0,0.05,20,100,0.2455122470855713,43,
TicTacToe,RandomRollout,planning,1,"{""max_rollout_depth"": 25, ""search_budget"": 10}",OK,0.29030108137435473,0.2,0.9273618495495705,,,,3.75,17.639819582303364,0.55,0.35,0.1,20,100,8.67203426361084,43,
TicTacToe,MCTS,planning,1,"{""exploration_constant"": 1.0, ""max_rollout_depth"": 25, ""search_budget"": 10}",OK,1.12680338046144,0.9,0.4358898943540673,,,,3.7,2.8103482723236084,0.95,0.05,0.0,20,100,1.166295051574707,43,
Quarto,Random,baseline,1,{},OK,0.5336921711651417,0.4,0.9165151389911679,,,,6.4,7.522224897430055,0.7,0.3,0.0,20,100,5.717405796051025,43,
Quarto,DQN,deep_value_based,1,"{""discount_factor"": 0.95, ""epsilon_decay"": 0.995, ""learning_rate"": 0.001}",OK,0.3532727350829127,0.25,0.9420721840708386,,,,6.85,9.03965826545443,0.6,0.35,0.05,20,100,7.819049119949341,43,
Quarto,DoubleDQN,deep_value_based,1,"{""discount_factor"": 0.95, ""epsilon_decay"": 0.995, ""learning_rate"": 0.001}",OK,0.17348251996653755,0.1,0.9433981132056604,,,,6.9,7.032524815627506,0.5,0.4,0.1,20,100,6.962073087692261,43,
Quarto,DDQN+ER,deep_value_based,1,"{""discount_factor"": 0.95, ""epsilon_decay"": 0.995, ""learning_rate"": 0.001}",OK,0.23576309082115243,0.15,0.9630680142129111,,,,6.75,7.21719604162943,0.55,0.4,0.05,20,100,8.027975797653198,43,
Quarto,DDQN+PER,deep_value_based,1,"{""discount_factor"": 0.95, ""epsilon_decay"": 0.995, ""learning_rate"": 0.001}",OK,0.0627618828765954,0.0,1.0,,,,6.75,8.37566144409634,0.5,0.5,0.0,20,100,7.711556434631348,43,
Quarto,REINFORCE,policy_gradient,1,"{""discount_factor"": 0.95, ""hidden_layers"": [64], ""learning_rate"": 0.005}",OK,0.6515303872420537,0.5,0.8660254037844386,,,,6.5,9.06796620005653,0.75,0.25,0.0,20,100,6.674896478652954,43,
Quarto,REINFORCE+Mean,policy_gradient,1,"{""discount_factor"": 0.95, ""hidden_layers"": [64], ""learning_rate"": 0.005}",OK,0.6445195480635882,0.5,0.806225774829855,,,,6.6,10.22556973355157,0.7,0.2,0.1,20,100,6.217818021774292,43,
Quarto,REINFORCE+Critic,policy_gradient,1,"{""discount_factor"": 0.95, ""hidden_layers"": [64], ""learning_rate"": 0.005}",OK,0.2980470027010829,0.2,0.9797958971132713,,,,6.3,7.628220873219625,0.6,0.4,0.0,20,100,6.014603137969971,43,
Quarto,PPO,actor_critic_policy_optimization,1,"{""clip_ratio"": 0.1, ""discount_factor"": 0.95, ""learning_rate"": 0.003}",OK,0.5267620689774415,0.4,0.8602325267042626,,,,6.55,7.462170961357299,0.65,0.25,0.1,20,100,7.625035285949707,43,
Quarto,A2C,actor_critic,1,"{""discount_factor"": 0.95, ""entropy_coef"": 0.0, ""learning_rate"": 0.003}",OK,0.5337231911947877,0.4,0.9165151389911679,,,,6.8,7.2619233812604636,0.7,0.3,0.0,20,100,5.8611156940460205,43,
Quarto,RandomRollout,planning,1,"{""max_rollout_depth"": 25, ""search_budget"": 10}",OK,1.2419512839135851,1.0,0.0,,,,5.4,3128.774031173615,1.0,0.0,0.0,20,100,1912.4001021385193,43,
Quarto,MCTS,planning,1,"{""exploration_constant"": 1.0, ""max_rollout_depth"": 25, ""search_budget"": 10}",OK,1.1228172219819816,0.9,0.4358898943540673,,,,6.1,204.17824198802313,0.95,0.05,0.0,20,100,148.4259650707245,43,
